<?xml version="1.0" encoding="UTF-8"?>
<!DOCTYPE properties SYSTEM "http://java.sun.com/dtd/properties.dtd">
<properties>
	<comment>common_code</comment>
	
	<!-- 스톤패스서버 URL -->
	<!-- <entry key="stonepass.base_url">https://auth.ssenstone.com/app</entry> -->  <!-- 운영 -->
	 <entry key="stonepass.base_url">http://ec2-13-231-198-29.ap-northeast-1.compute.amazonaws.com:28080/app</entry> 	<!-- 개발 -->
	<!-- 스톤패스서버 헤더설정 -->
	<entry key="stonepass.header">Content-Type application/json;charset=UTF-8</entry>
	<!-- 스톤패스서버 연결 타임아웃(5초) -->
	<entry key="stonepass.timeout">5000</entry>
	
	<entry key="oidKey">SSENU</entry>
	<entry key="sid">ssenu</entry>
	
	<!-- <entry key="oidKey"></entry>
	<entry key="sid">swe_kmk</entry>
	 -->
	<entry key="SVC_IF_BASE_URL">http://125.242.170.251:28080/app</entry>
	
</properties>